Marca temporal,Dirección de correo electrónico,Nombre Completo ,Matrícula ,¿Qué carrera estudias? (SIGLAS),Semestre ,Estatus amoroso,Me gustaría que me emparejaran con...,Género,¿Con cuáles pronombres te identificas?,¿Qué edad tienes?,¿Saldrías con alguien MAYOR que tú? ,¿Saldrías con alguien MENOR que tú? ,¿Qué estas buscando?,Breve descripción sobre ti.,¿Qué tipo de película te gusta más?,¿Qué género musical es el que más te gusta escuchar?,¿Te gusta el anime?,¿Te gustan los videojuegos?,¿Te gusta bailar ?,¿Eres un fan de algún deporte?,¿Qué taco serías?,¿Con qué personaje de The Big Bang Theory te identificas más?,"Si pudieras convertirte en una de los siguientes animales, ¿Cuál serías?",Si solamente pudieras comer este sabor de helado por el resto de tu vida ¿Cuál escogerías?,Si pudieras eliminar una de las siguientes celebraciones ¿Cuál sería? ,¿Qué estación del año prefieres?,¿Te gusta la pizza con piña?,"¿Para ti, una cita ideal en que lugar sería?",¿Crees en la astrología y los Signos Zodiacales?,¿Cuál es tu signo del zodiaco? ,¿Te gusta cocinar?,¿Te gusta que te cocinen?,¿Te gustan más los perros o los gatos?,¿Generalmente prefieres la adaptación de la película o los libros?,¿Cuando ves una película la ves doblada o subtitulada?,¿Te gusta más el frio o el calor?,¿Con que tiburón de Shark Tank México te gustaría empezar un negocio?,De los siguientes superpoderes ¿Cuál te gustaría tener más?,¿Cuál de estas características es la que más buscas en una pareja?,¿Cuál de estas características es la que más te define?,Username de Instagram (Ej. @juanito_hdz),Número celular y/o Whatsapp,Username de Twitter (Ej. @juanito_hdz),Algún otro medio de contacto.,
0,mail1,Name1,mat1,IC,4,Estoy aquí en busca de amigxs,Estoy aquí en busca de amigxs,Masculino,Él,19,Sí,Sí,Amistad,"Serio al no conocer a alguien, pero luego llego a ser extrovertido.",Comedia,"Reggaeton, Electrónica",No,Sí,"Sí, pero no sé bailar","Futbol, Basquetbol, Baseball, Futbol Americano, Natación",Pastor,Raj,Tiburón,Nuez,Spring Break,Primavera,No,Un lugar tranquilo,No,Piscis,Sí,Sí,Perros,Película,Subtitulada,Calor,Arturo Elías Ayub,Manipular el tiempo,Diversión,Confiable,insta1,tel1,twitter1,.,
1,mail2,Name2,mat2,ids,6,Estoy aquí en busca de amigxs,Estoy aquí en busca de amigxs,Masculino,Él,20,Sí,Sí,Amistad,"sí, me baño con tenis y qué",Romance,"Pop, Instrumental, Rock, Metal, Reggaeton, Cumbia, Electrónica, Kpop",No,No,Sí,"Tennis, Natación, Ciclismo",Pescado,Ninguno,Pato,Chocomenta,San Valentín,Verano,No,un oxxo,Sí,Géminis,Sí,Sí,Perros,Libro,Subtitulada,Calor,Arturo Elías Ayub,Dinero como el batman,Diversión,Divertido,insta2,tel2,twitter2,.,
2,mail3,Name3,mat3,IIA,10,Estoy aquí en busca de amigxs,Estoy aquí en busca de amigxs,Femenino,Ella,22,Sí,Sí,Amistad,"Soy una persona alegre, carismática y que siempre esta dispuesta a hacer nuevos amigos y le gusta mucho aprender cosas nuevas",Romance,"Pop, Rock, Reggaeton",No,No,"Sí, pero no sé bailar","No, Futbol",Barbacoa,Sheldon,Pingüino,Nuez,Spring Break,Invierno,No,En un parque (picnic),No,Sagitario,Sí,Sí,Perros,Película,Subtitulada,Frio,Carlos Bremer,Telepatía,Respeto,Alegre,insta3,tel3,twitter3,.,
3,mail4,Name4,mat4,LPM,8,Soltero,Estoy aquí en busca de amigxs,Femenino,Ella,21,Sí,No,Amistad,"Acuario, chilanga, café de día tequila de noche.",Romance,Pop,No,No,Sí,No,Pastor,Sheldon,Pingüino,Vanilla,Navidad,Invierno,Sí,Bailar salsa tomando tequila y cenar tacos ,Sí,Acuario,Sí,Sí,Perros,Película,Subtitulada,Frio,Carlos Bremer,Control Mental y manipulación,Cariño,Divertido,insta4,tel4,twitter4,.,
4,mail5,Name5,mat5,IQP,8,Estoy aquí en busca de amigxs,Estoy aquí en busca de amigxs,Femenino,Ella,20,Sí,No,Amistad,"Soy una persona risueña, dedicada y empática. Me encanta viajar y hacer ejercicio. ",Drama,"Rock, Reggaeton, Cumbia, Banda",Sí,No,Sí,"Natación, Otro",Pastor,Ninguno,Ballena,Pistache,San Valentín,Primavera,No,En un parque ,No,Piscis,No,Sí,Perros,Libro,Subtitulada,Frio,Rodrigo Herrera,Teletransporte,Diversión,Alegre,insta5,tel5,twitter5,.,
5,mail6,Name6,mat6,IFI,8,Estoy aquí en busca de amigxs,Estoy aquí en busca de amigxs,Masculino,"Él, Elle",21,Sí,Sí,Amistad,"Tengo 21 años, me gusta escuchar la música, hiking, nadar, rodar, camping, explorar películas, anime, un poco de videojuegos, tocar música, estudiar y sobre todo HACER PAN pero aveces da hueva",Suspenso,"Pop, Instrumental, Rock",Sí,Sí,Sí,"Futbol Americano, Natación, Otro",Barbacoa,Howard,Pingüino,Fresa,Día de la Independencia,Invierno,Sí,Picnic en el monte,No,Sagitario,Sí,Sí,Gatos,Película,Subtitulada,Frio,Carlos Bremer,Teletransporte,Empatía,Alegre,insta6,tel6,twitter6,.,
6,mail7,Name7,mat7,IBT,2,Estoy aquí en busca de amigxs,Estoy aquí en busca de amigxs,Femenino,Ella,20,Sí,Sí,Amistad,"Me encanta leer, salir, GOT es mi serie favorita, im down for everything all the time.  Vivi dos años en Alemania, me encanta viajar",Acción,"Pop, Rock, Reggaeton",Sí,No,Sí,Natación,Barbacoa,Bernadette,Pingüino,Fresa,San Valentín,Otoño,No,Playita,Sí,Leo,Sí,Sí,Perros,Libro,Subtitulada,Frio,Emmanuel,Teletransporte,Respeto,Confiable,insta7,tel7,twitter7,.,
7,mail8,Name8,mat8,INCQ,6,En una relación,Estoy aquí en busca de amigxs,Femenino,Ella,19,Sí,Sí,Amistad,Alegre,Romance,"Pop, Instrumental, Rock, Electrónica",Sí,Sí,"Sí, pero no sé bailar","Futbol Americano, Golf, Otro",Barbacoa,Ninguno,Pingüino,Nuez,Año nuevo,Otoño,Sí,Restaurante y Cine,No,Cáncer,No,Sí,Gatos,Libro,Subtitulada,Frio,Rodrigo Herrera,Teletransporte,Respeto,Alegre,insta8,tel8,twitter8,.,
8,mail9,Name9,mat9,IC,7,Estoy aquí en busca de amigxs,Estoy aquí en busca de amigxs,Masculino,Él,21,Sí,Sí,Amistad,"Persona positiva, al inicio un poco tímido pero me gusta compartir y escuchar a la gente para poder ser mas amigable. Me divierto jugando video juegos, pasando tiempo con mi familia y cuidando a mi sobrina. Encajo muy bien con personas muy relajadas abiertas a hablar de lo que sea y aguanten mis comentarios tontos ocasionales. ",Suspenso,Pop,No,Sí,Sí,"Futbol, Basquetbol",Pastor,Leonard,Ballena,Cookies and cream,Halloween,Verano,No,"Una clase como de cocina, danza, surf, algo que ninguno de los dos haya hecho.",No,Sagitario,Sí,Sí,Perros,Película,Subtitulada,Frio,Rodrigo Herrera,Teletransporte,Confianza,Fiel,insta9,tel9,twitter9,.,
9,mail10,Name10,mat10,LAF,6,Estoy aquí en busca de amigxs,Estoy aquí en busca de amigxs,Femenino,Ella,20,Sí,Sí,Amistad,"Chistosona, buen pedo, soy la que se acaba las papas en la peda, la inteligencia me persigue pero yo soy más rápida 😎",Acción,"Pop, Rock, Reggaeton, Banda",No,Sí,Sí,No,Guisos,Ninguno,Pato,Nuez,San Valentín,Otoño,No,Mi bello y natal Dubai ,Sí,Aries,No,Sí,Gatos,Libro,Subtitulada,Calor,Carlos Bremer,Manipular el tiempo,Diversión,Alegre,insta10,tel10,twitter10,.,
10,mail11,Name11,mat11,IMT,6,Soltero,Estoy aquí en busca de amigxs,Femenino,Ella,20,Sí,No,Amistad,"Me gusta bailar, leer y ver pelis. Soy súper fan del terror y de marvel ",Terror,"Pop, Rock, Reggaeton",No,Sí,Sí,No,Canasta-/Al vapor,Sheldon,Lobo,Vanilla,San Valentín,Verano,No,Casa de terror ,No,Piscis,Sí,No,Perros,Libro,Doblada,Calor,Rodrigo Herrera,Control Mental y manipulación,Inteligencia,Alegre,insta11,tel11,twitter11,.,
11,mail12,Name12,mat12,IDS,4,Estoy aquí en busca de amigxs,Estoy aquí en busca de amigxs,Femenino,Ella,20,Sí,Sí,Amistad,"Mi nombre es Karina pero me pueden llamar Gary:) como algunos amigxs... me llama la atención la cultura Japonesa y me gusta el kpop, el anime, y la comida...mis intereses se basan en el cuidado del medio ambiente...en mi tiempo libre me gusta leer, pintar, ver películas (o anime), escuchar música o platicar. Soy una persona tranquila pero con amigxs me aloco bastante y soy foránea de Tamaulipas 🤠.",Comedia,"Pop, Instrumental, Reggaeton, Cumbia, Electrónica, Kpop",Sí,Sí,"Sí, pero no sé bailar",Otro,Barbacoa,Ninguno,Lobo,Vanilla,Año nuevo,Otoño,No,Parque de diversiones.,No,Capricornio,No,Sí,Perros,Libro,Subtitulada,Calor,Marcus Dantus,Volar,Alegría,Confiable,insta12,tel12,twitter12,.,
12,mail13,Name13,mat13,INA,4,Estoy aquí en busca de amigxs,Estoy aquí en busca de amigxs,Femenino,Ella,19,Sí,Sí,Amistad,"Me gusta platicar, soy divertida, sincera y directa, a veces me gusta ver anime:p ",Comedia,"Pop, Instrumental, Rock",Sí,Sí,"Sí, pero no sé bailar",Natación,Pastor,Leonard,Pingüino,Chocolate,San Valentín,Invierno,Sí,Un lugar al aire libre,No,Escorpio,Sí,Sí,Perros,Libro,Subtitulada,Frio,Carlos Bremer,Dinero como el batman,Confianza,Divertido,insta13,tel13,twitter13,.,
13,mail14,Name14,mat14,IMT,4,Estoy aquí en busca de amigxs,Estoy aquí en busca de amigxs,Femenino,Ella,20,Sí,Sí,Amistad,,Terror,"Pop, Reggaeton",No,No,Sí,No,Barbacoa,,Tigre,Vanilla,Día de la Independencia,Primavera,No,En algún lugar donde se pueda bailar,Sí,Sagitario,No,Sí,Perros,Libro,Doblada,Frio,Arturo Elías Ayub,Fuerza,Alegría,Alegre,insta14,tel14,twitter14,.,
14,mail15,Name15,mat15,IFI,4,Soltero,Estoy aquí en busca de amigxs,Masculino,Él,21,Sí,Sí,Amistad,Raro ,Comedia,"Pop, Instrumental, Cumbia",Sí,Sí,Sí,Basquetbol,Pastor,Raj,Pingüino,Chocolate,San Valentín,Otoño,Sí,Donde sea con qué esté tranquilo ,No,Piscis,Sí,Sí,Perros,Libro,Subtitulada,Frio,Marcus Dantus,Control Mental y manipulación,Confianza,Empátic@,insta15,tel15,twitter15,.,
15,mail16,Name16,mat16,IQ,4,En una relación,Estoy aquí en busca de amigxs,Femenino,Ella,18,Sí,Sí,Amistad,"Me rio de todo, caigo bien (creo), soy atenta, me gusta escuchar, lloremos juntos en semana 5",Acción,"Pop, Instrumental, Rock",No,No,"Sí, pero no sé bailar",No,Carne asada,Bernadette,Tigre,Vanilla,Día de la Independencia,Otoño,No,"Un lugar al aire libre, con arboles alrededor y tranquilo",No,Aries,Sí,Sí,Gatos,Libro,Subtitulada,Calor,Carlos Bremer,Manipular el tiempo,Respeto,Empátic@,insta16,tel16,twitter16,.,
16,mail17,Name17,mat17,IFI,4,Estoy aquí en busca de amigxs,Estoy aquí en busca de amigxs,Masculino,Él,19,Sí,Sí,Amistad,"Soy alguien simple de mente abierta, me gusta la arquitectura, la historia y la política y me gusta mucho discutir temas sin respuesta correcta para escuchar las opiniones de los demás",Comedia,"Pop, Instrumental, Rock",No,Sí,Sí,"Basquetbol, Futbol Americano",Pastor,Leonard,Pato,Chocolate,Halloween,Primavera,Sí,Las afueras de la ciudad para ver las estrellas ,No,Leo,Sí,Sí,Perros,Libro,Subtitulada,Frio,Carlos Bremer,Manipular el tiempo,Interesante,Interesante,insta17,tel17,twitter17,.,
17,mail18,Name18,mat18,LIT,4,En una relación,Estoy aquí en busca de amigxs,Femenino,Ella,20,Sí,Sí,Amistad,"Me encanta la playa, bucear, buena música y comerrr rico",Acción,"Pop, Reggaeton",No,Sí,Sí,"Tennis, Ciclismo",Carne asada,Penny,Pingüino,Chocomenta,Día de la Independencia,Verano,Sí,Playa ,No,Libra,Sí,Sí,Perros,Libro,Subtitulada,Calor,Carlos Bremer,Volar,Confianza,Empátic@,insta18,tel18,twitter18,.,
18,mail19,Name19,mat19,IIS,4,Estoy aquí en busca de amigxs,Estoy aquí en busca de amigxs,Masculino,Él,18,Sí,Sí,Amistad,"ya me tiene harto la cuarentena y quiero hacer amixess
soy un pendejo pero caigo muy bien el la peda y hago reír a la gente :)",Comedia,"Pop, Reggaeton, Electrónica",No,Sí,"Sí, pero no sé bailar",Futbol,Barbacoa,Leonard,Pingüino,Napolitano,Día de la Independencia,Verano,Sí,"No importa el lugar, sino la persona ",No,Sagitario,Sí,Sí,Perros,Película,Subtitulada,Calor,Arturo Elías Ayub,Teletransporte,Alegría,Divertido,insta19,tel19,twitter19,.,
19,mail20,Name20,mat20,LBC,4,Estoy aquí en busca de amigxs,Estoy aquí en busca de amigxs,Masculino,Él,19,Sí,Sí,Amistad,"Hola soy Elías Robles, estudio Biociencias, me considero fan de la ciencia ficción y fantasía.  ",Suspenso,"Instrumental, Rock, Cumbia",Sí,Sí,"Sí, pero no sé bailar","Baseball, Natación",Pastor,Ninguno,Pingüino,Fresa,Día de la Independencia,Otoño,Sí,Un lugar al aire libre o en casa,No,Géminis,Sí,Sí,Perros,Libro,Subtitulada,Frio,Carlos Bremer,Manipular el tiempo,Interesante,Empátic@,insta20,tel20,twitter20,.,
20,mail21,Name21,mat21,IBT,2,En una relación,Estoy aquí en busca de amigxs,Femenino,Ella,19,Sí,No,Amistad,Soy una joven guatemalteca. Me gusta mucho ver Netflix y comer y estoy en busca de conocer gente a pesar de la Pandemia. Estoy en una relación desde hace 2 años y medio y amo el sushi.,Romance,"Pop, Reggaeton",No,No,Sí,No,Pastor,Ninguno,Pato,Vanilla,Navidad,Primavera,No,La playa.,Sí,Aries,Sí,Sí,Perros,Libro,Subtitulada,Frio,Patricia Armendáriz,Control Mental y manipulación,Confianza,Perseverante,insta21,tel21,twitter21,.,
21,mail22,Name22,mat22,ITC,2,Estoy aquí en busca de amigxs,Estoy aquí en busca de amigxs,Masculino,Él,18,Sí,Sí,Amistad,Un poco reservado y tranquilo. Me gusta la música pop y los juegos jajaja,Acción,Pop,Sí,Sí,No,Futbol,Barbacoa,Ninguno,Pingüino,Cookies and cream,Halloween,Otoño,Sí,Donde nos divirtamos ambos ,No,Sagitario,Sí,Sí,Perros,Película,Subtitulada,Calor,Arturo Elías Ayub,Dinero como el batman,Diversión,Confiable,insta22,tel22,twitter22,.,
22,mail23,Name23,mat23,IDS,2,Estoy aquí en busca de amigxs,Estoy aquí en busca de amigxs,Masculino,Él,19,Sí,Sí,Amistad,,Suspenso,"Pop, Reggaeton, Banda",No,No,"Sí, pero no sé bailar",Otro,Vegetariano,Ninguno,Lobo,Cookies and cream,Día de la Independencia,Primavera,Sí,Un paseo en el campo,No,Sagitario,Sí,Sí,Perros,Película,Doblada,Frio,Patricia Armendáriz,Control Mental y manipulación,Confianza,Responsable,insta23,tel23,twitter23,.,
23,mail24,Name24,mat24,LAD,2,En una relación,Estoy aquí en busca de amigxs,Femenino,Ella,19,Sí,No,Amistad,"Soy creativa, algo tímida y me gusta escuchar a los demás. Me gusta aprender de las personas.",Terror,"Pop, Rock",No,Sí,"Sí, pero no sé bailar",Otro,Pastor,Amy,Pingüino,Chocolate,Spring Break,Invierno,No,Un picnic hablando de diferentes cosas.,Sí,Géminis,Sí,Sí,Perros,Libro,Subtitulada,Frio,Patricia Armendáriz,Telepatía,Fidelidad,Empátic@,insta24,tel24,twitter24,.,
24,mail25,Name25,mat25,IIS,2,Estoy aquí en busca de amigxs,Estoy aquí en busca de amigxs,Femenino,Ella,18,Sí,No,Amistad,,Romance,"Pop, Reggaeton",No,No,Sí,No,Carne asada,Ninguno,Tigre,Cookies and cream,Día de la Independencia,Primavera,No,picnic en la playa ,No,Géminis,Sí,Sí,Perros,Película,Subtitulada,Calor,Arturo Elías Ayub,Teletransporte,Cariño,Confiable,insta25,tel25,twitter25,.,
25,mail26,Name26,mat26,IQ,2,Soltero,Estoy aquí en busca de amigxs,Femenino,Ella,18,Sí,Sí,Amistad,"No suelo iniciar las conversaciones lol pero soy buena onda, me gusta cocinar, escuchar música (me gusta de todo, menos banda jaja) bailar a las 2 de la mañana en vez de hacer mis deberes, reirme de videos chistosos y disfrutar de la vida",Romance,Kpop,Sí,Sí,Sí,Natación,Pastor,Ninguno,Pingüino,Fresa,Spring Break,Invierno,Sí,En cualquier lugar donde haya comida :),Sí,Piscis,Sí,Sí,Perros,Libro,Subtitulada,Frio,Carlos Bremer,Teletransporte,Cariño,Divertido,insta26,tel26,twitter26,.,
26,mail27,Name27,mat27,IBT,2,Estoy aquí en busca de amigxs,Estoy aquí en busca de amigxs,Femenino,Ella,18,Sí,Sí,Amistad,"Hola😁✨me llamo Angela me gusta aprender idiomas, leer, escuchar música, ver series, cocinar y hacer postres👌 y amo los gatos, planeaba encontrar a alguien con quién hablar por aquí jajaja pueden acercarse con toda confianza;)",Drama,"Pop, Rock, Kpop",Sí,No,"Sí, pero no sé bailar",Natación,Pastor,Amy,Lobo,Vanilla,Día de la Independencia,Primavera,Sí,Un picnic o un cine al aire libre😍,Sí,Acuario,Sí,Sí,Gatos,Libro,Subtitulada,Calor,Patricia Armendáriz,Volar,Confianza,Empátic@,insta27,tel27,twitter27,.,
27,mail28,Name28,mat28,IBT ,2,Estoy aquí en busca de amigxs,Estoy aquí en busca de amigxs,Femenino,Ella,18,Sí,Sí,Amistad,"Soy algo tímida al principio pero ya que alguien más comienza a sacar un tema tomo confianza, me gusta mucho ver películas y series, también me gusta aprender un poco de todo por lo que sé varias cositas de diversos temas ",Suspenso,"Pop, Instrumental, Rock, Electrónica",Sí,Sí,"Sí, pero no sé bailar","Futbol Americano, Natación",Pastor,Amy,Pingüino,Napolitano,Día de la Independencia,Otoño,Sí,En un lugar donde haya juegos o cosas para distraerte ,No,Sagitario,No,Sí,Perros,Película,Subtitulada,Frio,Carlos Bremer,Control Mental y manipulación,Diversión,Perseverante,insta28,tel28,twitter28,.,
28,mail29,Name29,mat29,IMT,2,Soltero,Estoy aquí en busca de amigxs,Masculino,Él,19,Sí,Sí,Amistad,"Me considero una persona simple, aunque con unos gustos variados. Puedo llegar a ser tanto introvertido como extrovertido, aunque hago el esfuerzo para ser éste último. ",Acción,"Pop, Rock",No,Sí,"Sí, pero no sé bailar","Basquetbol, Futbol Americano",Carne asada,Raj,Lobo,Cookies and cream,Día de la Independencia,Invierno,Sí,Centro comercial / Parque,No,Escorpio,Sí,Sí,Perros,Película,Subtitulada,Frio,Carlos Bremer,Manipular el tiempo,Confianza,Confiable,insta29,tel29,twitter29,.,
29,mail30,Name30,mat30,IDS,2,Estoy aquí en busca de amigxs,Estoy aquí en busca de amigxs,Masculino,Él,20,Sí,Sí,Amistad,Soy callado y calmado la gran mayoría del tiempo pero con amigos me suelto. ,Suspenso,"Pop, Rock",Sí,Sí,"Sí, pero no sé bailar",Basquetbol,Canasta-/Al vapor,Sheldon,Pato,Caramelo,Halloween,Invierno,No,Bosque/ parque,No,Acuario,Sí,Sí,Perros,Libro,Subtitulada,Frio,Arturo Elías Ayub,Manipular el tiempo,Inteligencia,Confiable,insta30,tel30,twitter30,.,
30,mail31,Name31,mat31,LAE,2,Estoy aquí en busca de amigxs,Estoy aquí en busca de amigxs,Masculino,Él,18,Sí,Sí,Amistad,Niño aventurero backpacker que no tiene nasa que hacer y por eso esta llenando esta form. ,Suspenso,"Pop, Rock, Electrónica",No,No,No,"Ciclismo, Otro",Carne asada,Sheldon,Lobo,Pistache,San Valentín,Verano,No,En un rooftop bebiendo vino por la madrugada,No,Leo,No,Sí,Perros,Película,Subtitulada,Calor,Carlos Bremer,Manipular el tiempo,Diversión,Interesante,insta31,tel31,twitter31,.,
31,mail32,Name32,mat32,IMD,2,Estoy aquí en busca de amigxs,Estoy aquí en busca de amigxs,Femenino,Ella,20,Sí,Sí,Amistad,"Soy un poco tímida al principio, pero cuando tomo confianza me gusta bromear. Me gustan las películas románticas que me hacen llorar y las series de fantasía.",Romance,"Pop, Reggaeton, Electrónica",Sí,Sí,"Sí, pero no sé bailar",No,Vegetariano,Ninguno,Tigre,Caramelo,Día de la Independencia,Primavera,Sí,La playa ,No,Acuario,Sí,Sí,Gatos,Libro,Subtitulada,Calor,Patricia Armendáriz,Control Mental y manipulación,Inteligencia,Responsable,insta32,tel32,twitter32,.,
32,mail33,Name33,mat33,MC,2,Soltero,Estoy aquí en busca de amigxs,Femenino,Ella,19,Sí,Sí,Amistad,"Podría decirse que soy una persona algo introvertida pero que cuando entra en confianza no se calla y su risa da más risa que el chiste. Nací en Michoacán, vivo en Guanajuato y en espera de ser foránea en Mty. Feminista. Algo deportista. Me gusta ir a fiestas pero casi no salgo. Amo los animales. Apasionada por  mi carrera y un poco nerd a veces. También me gusta ver pelis, leer (de la carrera y de la vida), escuchar música y cantar en el carro (aunque no canto nada bien). Amo ver el cielo, me emocionan los pequeños detalles de vida. Me aprendo rápido las líneas de las películas que si no me gustara mi carrera sería actriz. Me gustaría conocer más personxs en la uni porque la pandemia no me la está poniendo fácil.",Suspenso,Pop,No,No,Sí,"Tennis, Futbol Americano, Natación, Otro",Pastor,Ninguno,Pingüino,Napolitano,Día de la Independencia,Invierno,Sí,"Cualquier lugar cómodo en el que puedas ser tú mismo, platicar con una bonita vista, o hacer algo que involucre a ambas personas para conocerse cada vez más.",No,Géminis,Sí,Sí,Perros,Libro,Subtitulada,Frio,Emmanuel,Teletransporte,Confianza,Empátic@,insta33,tel33,twitter33,.,
33,mail34,Name34,mat34,AMC-IC,2,En una relación,Estoy aquí en busca de amigxs,Masculino,Él,18,Sí,Sí,Amistad,Aquí andamos supongo,Acción,"Pop, Instrumental, Rock, Reggaeton",Sí,Sí,"Sí, pero no sé bailar","Futbol, Basquetbol, Tennis, Baseball, Futbol Americano, Natación, Ciclismo",Barbacoa,Ninguno,Lobo,Chocolate,Spring Break,Invierno,No,En casa,No,Piscis,Sí,Sí,Perros,Película,Subtitulada,Frio,Patricia Armendáriz,Manipular el tiempo,Fidelidad,Fiel,insta34,tel34,twitter34,.,
34,mail35,Name35,mat35,LAD,2,Estoy aquí en busca de amigxs,Estoy aquí en busca de amigxs,Femenino,Ella,17,Sí,No,Amistad,"Soy muy pequeña, intensa en la mayoría de las cosas que hago y me gusta mucho dibujar:D",Suspenso,"Rock, Metal, Kpop",Sí,No,Sí,No,Carne asada,Howard,Pingüino,Cookies and cream,San Valentín,Invierno,Sí,Arcade,No,Aries,Sí,Sí,Perros,Película,Subtitulada,Frio,Rodrigo Herrera,Telepatía,Confianza,Perseverante,insta35,tel35,twitter35,.,
35,mail36,Name36,mat36,IQ,2,Estoy aquí en busca de amigxs,Estoy aquí en busca de amigxs,Femenino,Ella,20,Sí,No,Amistad,Soy una persona alegre en busca de nuevos amigos porque no conozco a nadie en este semestre 🤗,Terror,"Pop, Rock, Kpop",Sí,Sí,Sí,"Basquetbol, Otro",Carne asada,Leonard,Pato,Fresa,San Valentín,Otoño,Sí,Disfrutar del paisaje con tu pareja ,Sí,Piscis,Sí,Sí,Perros,Libro,Subtitulada,Frio,Arturo Elías Ayub,Manipular el tiempo,Respeto,Alegre,insta36,tel36,twitter36,.,
36,mail37,Name37,mat37,IID,8,En una relación,Estoy aquí en busca de amigxs,Masculino,Él,21,Sí,Sí,Amistad,"Soy una persona super alegre, originaria de culiacan Sinaloa ajua jaja. Me gusta mucho platicar me encanta ver series, leer, cocinar y jugar juegos de mesa o videojuegos :)",Comedia,"Pop, Rock, Banda",Sí,Sí,Sí,Otro,Carne asada,Leonard,Pato,Fresa,Día de la Independencia,Primavera,Sí,En la Playa,No,Piscis,Sí,Sí,Perros,Libro,Subtitulada,Frio,Carlos Bremer,Manipular el tiempo,Alegría,Empátic@,insta37,tel37,twitter37,.,
37,mail38,Name38,mat38,IBT,4,Soltero,Estoy aquí en busca de amigxs,Femenino,Ella,19,Sí,Sí,Algo Casual,"Me considero una mujer intelectual con amor hacia los deportes, la investigación, liderazgo y la ayuda hacia los demás. Me gusta leer, me fascina la natación, ver películas con mis amigos, me da una satisfacción muy grande ayudar a los demás cuando me necesitan. ",Comedia,"Pop, Instrumental, Rock, Metal, Electrónica",No,No,"Sí, pero no sé bailar",Natación,Carnitas,Ninguno,Lobo,Chocolate,Spring Break,Verano,Sí,comer en alguna plaza y pasear ,No,Virgo,Sí,Sí,Perros,Libro,Subtitulada,Calor,Patricia Armendáriz,Telepatía,Fidelidad,Responsable,insta38,tel38,twitter38,.,
38,mail39,Name39,mat39,ESC/LAD,2,Estoy aquí en busca de amigxs,Estoy aquí en busca de amigxs,Femenino,Ella,19,Sí,Sí,Amistad,"Soy una persona que le gusta hacer muchas cosas, aunque entre mis favoritas está dibujar y crear historias en mi cabeza. También me gustan mucho las ciencias. Soy una persona energética y alegre, aunque al único me muestro un poco seria.",Acción,"Pop, Instrumental, Kpop",Sí,Sí,Sí,No,Carne asada,Leonard,Lobo,Vanilla,San Valentín,Otoño,Sí,"No lo sé, no me interesan las citas por ahora",No,Capricornio,Sí,Sí,Gatos,Libro,Subtitulada,Frio,Marcus Dantus,Telepatía,Respeto,Interesante,insta39,tel39,twitter39,.,
39,mail40,Name40,mat40,LAD,2,Estoy aquí en busca de amigxs,Estoy aquí en busca de amigxs,Femenino,Ella,19,Sí,No,Amistad,"Me gusta el color rosa, cocinar y hacer repostería de vez en cuando. Me encanta dibujar y ver anime, tmb me gustan mucho los animales. No estoy metida en las cosas de astrología pero soy Capricornio :} me considero como una persona buena y comprensiva y batallo mucho para hacer amigos porque soy muy introvertida 🥺",Comedia,"Pop, Rock, Kpop",Sí,Sí,No,No,Carne asada,Penny,Pato,Napolitano,Año nuevo,Primavera,No,En cualquier lugar mientras que este con la persona indicada :),Sí,Capricornio,Sí,Sí,Gatos,Película,Subtitulada,Frio,Patricia Armendáriz,Manipular el tiempo,Cariño,Cariños@,insta40,tel40,twitter40,.,
40,mail41,Name41,mat41,LEC,2,En una relación,Estoy aquí en busca de amigxs,Masculino,Él,19,Sí,Sí,Amistad,"Algo introvertido, una vez que me conoces me siento más cómodo.
Me gustan los videojuegos, matemáticas, música (toco guitarra, batería y bajo) y mi dream job es como Invesment Banker (me encantan las finanzas).
",Suspenso,"Instrumental, Rock",No,Sí,No,Futbol,Barbacoa,Sheldon,Lobo,Caramelo,Día de muertos,Invierno,No,"Tengo novia lul, creo que no aplica sin sesgarme. Me gusta mucho cocinar, entonces en alguna de las dos casas, a cocinar algo",No,Virgo,Sí,Sí,Gatos,Libro,Subtitulada,Frio,Rodrigo Herrera,Manipular el tiempo,Inteligencia,Inteligente,insta41,tel41,twitter41,.,
41,mail42,Name42,mat42,IDS,2,Estoy aquí en busca de amigxs,Estoy aquí en busca de amigxs,Femenino,Ella,19,Sí,Sí,Amistad,"No se como contestar esta pregunta, pero pues soy una persona a la que le gustan los gatos y la robótica (FIRST). Me describiría como alguien organizada,  responsable y dedicada... wow suena bien nerd creo que se nota porque estoy buscando amigos. En fin, me encantan las películas de Pixar, Harry Potter, Percy Jackson, TBBT y THG. Y pues estoy buscando amigos se me hace muy complicado hacerlos. ",Comedia,"Pop, Instrumental",No,No,No,No,Canasta-/Al vapor,Sheldon,Lobo,Vanilla,San Valentín,Otoño,Sí,"No se, no lo he pensado. Pero seguramente algún parque o área al aire libre ",No,Capricornio,Sí,Sí,Gatos,Libro,Subtitulada,Frio,Arturo Elías Ayub,Telepatía,Inteligencia,Perseverante,insta42,tel42,twitter42,.,
42,mail43,Name43,mat43,LDI,2,Estoy aquí en busca de amigxs,Estoy aquí en busca de amigxs,Femenino,Ella,19,Sí,Sí,Amistad,Soy Pao tengo 19 años los acabo de cumplir en Enero. Soy tímida al principio pero cuando agarro confianza soy chida. :),Terror,"Pop, Instrumental, Kpop",Sí,Sí,"Sí, pero no sé bailar",No,Barbacoa,Ninguno,Pato,Cookies and cream,Día de la Independencia,Otoño,No,Cualquier lugar menos el cine,No,Acuario,Sí,Sí,Perros,Libro,Subtitulada,Frio,Arturo Elías Ayub,Telepatía,Respeto,Cariños@,insta43,tel43,twitter43,.,
43,mail44,Name44,mat44,LDO,1,Estoy aquí en busca de amigxs,Estoy aquí en busca de amigxs,Femenino,Ella,19,Sí,No,Amistad,"ola JAJAJAJ um okay soy muy tímida con gente pero me encanta estar con amigas en que confio, cuando estoy con ellas soy un meme. 
Mis amigos me describen como un girasol, aparte de que sea mi flor favorita, soy muy cariñosa y gentil, respeto a los demás como me gustaría que me respetaran, soy proaborto, i support BLM, yo respeto a todas las personas como ellos son y hasta puedo usar pronombres con ellos.
Me gusta el anime y el manga, puedo decir que no huelo feo jajaja, lo que me encanta de ellos es la animación y la trama en ellos, mis favoritos son attack on titan, demon slayer, boku no hero academia, Jujutsu kaisen y noragami, he visto animes desde octavo y todavía me encantan.
Antes solía leer muchos libros de romance pero ahora ya no soy tan fan, ahora he descubierto muchos de peleas o science fiction y me encantan esos.
No soy tan popular y tampoco me gustaría serlo, me encanta como es mi personalidad y mis amigos, no necesito un rank para describirme.
Tengo novio, su nombre es sebastián, todos le dicen que es un simp pero JAJAJ un simp es alguien que le importas y alguien que te ama tanto y para ser honesta el me trata como reina, y ya vamos a cumplir 1 año este febrero.",Terror,"Pop, Cumbia, Kpop",Sí,Sí,Sí,Tennis,Pastor,Raj,Pato,Napolitano,Día de la Independencia,Primavera,No,"Picnic, pero busco amigos JAJAJA",Sí,Leo,Sí,Sí,Perros,Libro,Subtitulada,Frio,Arturo Elías Ayub,Teletransporte,Respeto,Cariños@,insta44,tel44,twitter44,.,
44,mail45,Name45,mat45,LAD,4,En una relación,Estoy aquí en busca de amigxs,Femenino,Ella,19,Sí,Sí,Amistad,"Soy una persona que se tarda en poder hablar casual con alguien y poder considerarlos amigos. Me gustan las series live action y animadas al igual que los libros y los comics. Me gusta ver peliculas con amigos y solo platicar de lo que sea. No tomo y no me gusta mucho ir a fiestas, prefiero estar en un ambiente más casual. Also, ODIO el reguetón.",Acción,"Pop, Instrumental, Rock",Sí,Sí,"Sí, pero no sé bailar","Basquetbol, Otro",Pastor,Ninguno,Tigre,Caramelo,San Valentín,Otoño,No,En el cine o en un lugar no muy romantico.,No,Piscis,No,No,Perros,Libro,Subtitulada,Frio,Patricia Armendáriz,Manipular el tiempo,Fidelidad,Fiel,insta45,tel45,twitter45,.,
45,mail46,Name46,mat46,LIN,2,Soltero,Estoy aquí en busca de amigxs,Masculino,Él,19,Sí,No,Amistad,"Me apasiona el conocimiento, y lo utilizo para el desarrollo de proyectos tecnológicos en áreas como la justicia, educación, economía y seguridad con el propósito de descentralizar las funciones del Estado. Me gusta leer, el ajedrez, ver anime y los videojuegos.",Suspenso,"Instrumental, Rock",Sí,Sí,No,Otro,Carne asada,Sheldon,Pato,Chocolate,Spring Break,Verano,No,En casa.,No,Tauro,Sí,Sí,Perros,Libro,Subtitulada,Calor,Carlos Bremer,Manipular el tiempo,Perseverancia,Perseverante,insta46,tel46,twitter46,.,
46,mail47,Name47,mat47,IFI ,3,En una relación,Estoy aquí en busca de amigxs,Femenino,Ella,19,Sí,Sí,Amistad,"Soy una chava de risa estruendosa y que le gusta ver la vida de forma positiva a pesar de los problemas.
¡Me encanta aprender cosas nuevas! ",Romance,"Pop, Instrumental, Rock",Sí,Sí,"Sí, pero no sé bailar",Otro,Pastor,Amy,Pingüino,Cookies and cream,Halloween,Verano,No,En un lugar con música en vivo ,No,Libra,Sí,Sí,Perros,Libro,Subtitulada,Calor,Patricia Armendáriz,Manipular el tiempo,Perseverancia,Alegre,insta47,tel47,twitter47,.,
47,mail48,Name48,mat48,IDS,7,En una relación,Estoy aquí en busca de amigxs,Femenino,Ella,22,Sí,Sí,Amistad,"Soy una persona amigable, me gusta cantar y tocar piano, trabajo, me gustan los animales y soy fan de Reik",Comedia,"Pop, Instrumental, Rock, Reggaeton, Banda",No,Sí,"Sí, pero no sé bailar",Futbol,Guisos,Bernadette,Ballena,Chocolate,Spring Break,Otoño,Sí,Cine,No,Escorpio,Sí,Sí,Perros,Película,Subtitulada,Calor,Arturo Elías Ayub,Volar,Diversión,Inteligente,insta48,tel48,twitter48,.,
48,mail49,Name49,mat49,LIN,6,En una relación,Estoy aquí en busca de amigxs,Femenino,Ella,20,Sí,No,Amistad,"Tengo novio pero nadamas estoy aqui por el ocio, me gustaria encontrar amigos ya que por la pandemia esta cañon encontrar nuevos amigos. Soy divertida y sigo el pedo en todo ;)",Romance,"Pop, Reggaeton",No,No,"Sí, pero no sé bailar",Futbol,Carne asada,Penny,Pato,Cookies and cream,Día de la Independencia,Otoño,Sí,picnic en la playa,Sí,Piscis,No,Sí,Perros,Película,Subtitulada,Calor,Carlos Bremer,Dinero como el batman,Confianza,Empátic@,insta49,tel49,twitter49,.,
49,mail50,Name50,mat50,IC,6,Estoy aquí en busca de amigxs,Estoy aquí en busca de amigxs,Femenino,Ella,21,Sí,Sí,Amistad,"Soy una persona super platicadora y risueña, tengo muchos temas de conversación y me encanta ver muchas películas. Me gusta mucho conocer gente nueva y me puedo llevar con casi cualquier tipo de persona. Amo los perritos y los juegos de mesa. Soy de Monterrey y aquí he vivido toda mi vida. Me gusta cocinar postres, leer, ir al cine, probar restaurantes nuevos y la naturaleza. ",Comedia,"Pop, Rock, Reggaeton, Banda",Sí,Sí,"Sí, pero no sé bailar","Futbol, Basquetbol, Baseball",Carne asada,Ninguno,Pingüino,Chocolate,Día de muertos,Otoño,No,"Lo improtante es la persona pero siempre es bueno hacer algo divertido como hacer un picnic, gokarts, hacer algun deporte, parque de diversiones, restaurantes nuevos",Sí,Piscis,Sí,Sí,Perros,Libro,Subtitulada,Frio,Arturo Elías Ayub,Dinero como el batman,Empatía,Cariños@,insta50,tel50,twitter50,.,
50,mail51,Name51,mat51,IQ,4,En una relación,Estoy aquí en busca de amigxs,Femenino,Ella,20,Sí,Sí,Amistad,"Me gusta mucho bailar y leer, tengo 3 gatos y los quiero mucho. Me gusta ver series y películas. Me gusta jugar juegos de mesa, cantar, pintar y platicar sobre cualquier cosa. Mi cantante favorito es Pablo Alborán. Amo Disney, Harry Potter y me encanta ver romcoms. Mi comida favorita son los tacos y amo el chocolate. ",Romance,"Pop, Reggaeton, Cumbia",No,No,Sí,No,Pastor,Ninguno,Lobo,Napolitano,Día de la Independencia,Otoño,No,"En un mercadito como de artesanías, como un bazar y comer churros ",Sí,Sagitario,Sí,Sí,Gatos,Libro,Subtitulada,Frio,Arturo Elías Ayub,Teletransporte,Confianza,Alegre,insta51,tel51,twitter51,.,
51,mail52,Name52,mat52,IBT,1,Estoy aquí en busca de amigxs,Estoy aquí en busca de amigxs,No binarix,Ella,19,Sí,Sí,Amistad,"Me llaman tobias o toby, tengo tres gatos a los que quiero mucho. Estoy en una relación actualmente y estoy muy feliz con ella. Tengo interés en la costura, moda, anime, doctor who, ciencia, y otras cosas. Me gustaría encontrar amigxs",Drama,"Pop, Rock, Metal",Sí,Sí,Sí,No,Pastor,Ninguno,Pingüino,Vanilla,Día de la Independencia,Invierno,No,Un picnic con comida deli y pastel. En donde jugáramos ajedrez o algún juego de mesa y después fuéramos a ver una serie. Después jugar minecraft:/,No,Acuario,Sí,Sí,Gatos,Libro,Subtitulada,Frio,Arturo Elías Ayub,Manipular el tiempo,Confianza,Fiel,insta52,tel52,twitter52,.,
52,mail53,Name53,mat53,ITC,4,Estoy aquí en busca de amigxs,Estoy aquí en busca de amigxs,Masculino,Él,20,Sí,Sí,Amistad,"Me gusta la música, los chistes malos y las películas. 

",Drama,Rock,Sí,Sí,"Sí, pero no sé bailar",Otro,Barbacoa,Ninguno,Pato,Cookies and cream,Día de la Independencia,Invierno,Sí,Cine ,No,Tauro,Sí,Sí,Perros,Película,Subtitulada,Frio,Emmanuel,Manipular el tiempo,Empatía,Respetuoso,insta53,tel53,twitter53,.,
53,mail54,Name54,mat54,IMT,4,Estoy aquí en busca de amigxs,Estoy aquí en busca de amigxs,Masculino,Él,18,Sí,No,Amistad,alto bronceado y guapo,Drama,"Pop, Instrumental, Rock, Metal, Reggaeton, Cumbia, Electrónica, Banda, Kpop",No,Sí,"Sí, pero no sé bailar","Basquetbol, Futbol Americano, Otro",Carne asada,Howard,Pingüino,Chocomenta,Año nuevo,Invierno,Sí,road trip con música ,Sí,Virgo,Sí,Sí,Perros,Película,Subtitulada,Frio,Arturo Elías Ayub,Manipular el tiempo,Alegría,Divertido,insta54,tel54,twitter54,.,
54,mail55,Name55,mat55,IBM,2,Estoy aquí en busca de amigxs,Estoy aquí en busca de amigxs,Femenino,Ella,19,Sí,No,Amistad,Amo tanto la vida fit como amo comer,Comedia,Pop,No,No,"Sí, pero no sé bailar","Futbol, Natación, Ciclismo",Canasta-/Al vapor,Leonard,Ballena,Fresa,Día de la Independencia,Verano,Sí,En la naturaleza,Sí,Escorpio,Sí,Sí,Perros,Libro,Doblada,Frio,Arturo Elías Ayub,Control Mental y manipulación,Interesante,Alegre,insta55,tel55,twitter55,.,
55,mail56,Name56,mat56,BCT,6,Soltero,Estoy aquí en busca de amigxs,Masculino,Él,21,Sí,Sí,Amistad,"Me gusta jugar al tennis, videojuegos, viajar, idiomas y demas.",Terror,"Pop, Reggaeton",Sí,Sí,"Sí, pero no sé bailar","Tennis, Otro",Barbacoa,Sheldon,Pingüino,Pistache,San Valentín,Invierno,Sí,Cualquier lugar con que no sea algo común como el cine,No,Escorpio,No,Sí,Perros,Película,Subtitulada,Frio,Arturo Elías Ayub,Teletransporte,Confianza,Confiable,insta56,tel56,twitter56,.,
56,mail57,Name57,mat57,LCMD,6,Estoy aquí en busca de amigxs,Estoy aquí en busca de amigxs,Femenino,Ella,22,Sí,No,Amistad,"Me gusta bailar, cantar, estoy en el repre de porristas y mi color favorito es el plateado",Comedia,"Pop, Reggaeton",No,Sí,Sí,"Futbol, Futbol Americano",Pastor,Ninguno,Lobo,Nuez,Navidad,Primavera,Sí,Sería en un restaurante italiano,Sí,Piscis,Sí,Sí,Gatos,Libro,Subtitulada,Calor,Patricia Armendáriz,Teletransporte,Respeto,Perseverante,insta57,tel57,twitter57,.,
57,mail58,Name58,mat58,IDS,6,Estoy aquí en busca de amigxs,Estoy aquí en busca de amigxs,Femenino,Ella,21,Sí,Sí,Amistad,"Me gusta leer, pintar, bailar y aprender idiomas:)) veo mucho anime lol y me gustan los piercings y tatuajes. Tmb soy vegana, bisexual y me identifico como mujer y me gustaría más amigues queer<3 ",Suspenso,"Pop, Rock",Sí,No,Sí,No,Vegetariano,Ninguno,Ballena,Fresa,Día de la Independencia,Verano,Sí,Un picnic y pintar<3 ,Sí,Tauro,Sí,Sí,Perros,Libro,Subtitulada,Calor,Emmanuel,Teletransporte,Alegría,Empátic@,insta58,tel58,twitter58,.,
58,mail59,Name59,mat59,ARQ,4,Estoy aquí en busca de amigxs,Estoy aquí en busca de amigxs,Género fluido,Ella,19,Sí,No,Amistad,"Me considero muy extrovertida, me gusta mucho el deporte/ejercicio, ir a conciertos, fiestas, reuniones tranquilas y cualquier actividad que pueda disfrutar (no importa el lugar)",Suspenso,Electrónica,No,Sí,"Sí, pero no sé bailar","Futbol, Basquetbol",Canasta-/Al vapor,Howard,Pato,Napolitano,Día de la Independencia,Primavera,No,Solo busco amigos :),Sí,Tauro,Sí,Sí,Perros,Película,Subtitulada,Frio,Carlos Bremer,Teletransporte,Diversión,Divertido,insta59,tel59,twitter59,.,
59,mail60,Name60,mat60,ARQ,4,Estoy aquí en busca de amigxs,Estoy aquí en busca de amigxs,Femenino,Ella,19,Sí,No,Amistad,"Soy peruana pero llevo viviendo en Mty 5 años, me gusta pintar, dibujar, cantar, bailar, escuchar música, leer, pasear al aire libre. Me considero una persona alegre, cariñosa, confiable, honesta, responsable. ",Acción,"Pop, Rock, Cumbia, Kpop",Sí,Sí,Sí,No,Carne asada,Amy,Lobo,Vanilla,Año nuevo,Invierno,No,Ir a un café o un arcade ,Sí,Cáncer,Sí,Sí,Perros,Libro,Subtitulada,Frio,Patricia Armendáriz,Teletransporte,Alegría,Cariños@,insta60,tel60,twitter60,.,
60,mail61,Name61,mat61,LEI,4,En una relación,Estoy aquí en busca de amigxs,Femenino,Ella,19,No,No,Amistad,Leyenda Norteña,Terror,"Pop, Reggaeton",Sí,No,Sí,Otro,Pastor,Penny,Pato,Fresa,Día de la Independencia,Primavera,No,Un cafecito o una nieve y platicar de todo :) (aclarando que sería una salida de amigos vdd) ,Sí,Aries,Sí,No,Perros,Película,Subtitulada,Frio,Carlos Bremer,Dinero como el batman,Diversión,Interesante,insta61,tel61,twitter61,.,
61,mail62,Name62,mat62,IIS,2,Estoy aquí en busca de amigxs,Estoy aquí en busca de amigxs,Femenino,Ella,18,Sí,Sí,Amistad,"Me gusta jugar baloncesto, me río demasiado pero soy algo penosa :)",Acción,Pop,No,Sí,"Sí, pero no sé bailar",Basquetbol,Pastor,Ninguno,Lobo,Fresa,Día de la Independencia,Primavera,Sí,En un lugar tranquilo... Un parque quizá ,Sí,Aries,Sí,Sí,Perros,Película,Subtitulada,Calor,Carlos Bremer,Teletransporte,Confianza,Alegre,insta62,tel62,twitter62,.,
62,mail63,Name63,mat63,LC,2,Estoy aquí en busca de amigxs,Estoy aquí en busca de amigxs,Femenino,Ella,18,Sí,No,Amistad,"Conservo puro dato inútil en mi cerebro, a veces soy graciosa, saco buena plática.",Acción,"Pop, Rock",Sí,Sí,Sí,No,Pastor,,Lobo,Cookies and cream,Día de la Independencia,Invierno,Sí,"Bosque, picnic",Sí,Cáncer,No,Sí,Gatos,Libro,Doblada,Frio,Rodrigo Herrera,Telekinesis,Responsabilidad,Cariños@,insta63,tel63,twitter63,.,
63,mail64,Name64,mat64,IAL,4,Estoy aquí en busca de amigxs,Estoy aquí en busca de amigxs,Femenino,Ella,20,Sí,Sí,Amistad,"Me llamo Sofia, tengo 20 años, me encanta pasar tiempo con mis amigxs, platicar, escuchar música y cocinar",Comedia,"Pop, Rock, Reggaeton",No,No,"Sí, pero no sé bailar",Natación,Canasta-/Al vapor,Ninguno,Pingüino,Fresa,San Valentín,Primavera,Sí,un parque o un museo,Sí,Acuario,Sí,Sí,Perros,Libro,Subtitulada,Frio,Carlos Bremer,Telekinesis,Confianza,Empátic@,insta64,tel64,twitter64,.,
64,mail65,Name65,mat65,IQ,4,Estoy aquí en busca de amigxs,Estoy aquí en busca de amigxs,Femenino,Ella,20,Sí,Sí,Amistad,"Hola soy Carolina Tamez, tengo 20 años. soy IQ. 1.70cm, pelo café y ojos cafés. juego basquetbol, tenis y fútbol. amo ver series y películas de todo. me va bien en clases pero casi no participo (soy media penosa). mi equipo favorito de fútbol americano son los bills.",Acción,Pop,No,No,"Sí, pero no sé bailar","Futbol, Basquetbol, Tennis, Futbol Americano, Golf, Natación, Otro",Pastor,Ninguno,Tigre,Chocolate,Día de la Independencia,Otoño,No,"jugando algún deporte (tenis) o ir a ver algún deporte o picnic/parque, ir al HEB a comprar el mandado",No,Capricornio,Sí,Sí,Gatos,Libro,Subtitulada,Frio,Carlos Bremer,Teletransporte,Diversión,Inteligente,insta65,tel65,twitter65,.,
65,mail66,Name66,mat66,LRI,4,En una relación,Estoy aquí en busca de amigxs,Femenino,Ella,20,Sí,No,Amistad,Soy una persona muy abierta ,Acción,Reggaeton,No,No,Sí,Tennis,Pastor,Ninguno,Tigre,Vanilla,Día de muertos,Verano,No,Un picnic :) ,No,Leo,Sí,Sí,Perros,Libro,Doblada,Calor,Carlos Bremer,Volar,Alegría,Divertido,insta66,tel66,twitter66,.,
66,mail67,Name67,mat67,IDS,8,Estoy aquí en busca de amigxs,Estoy aquí en busca de amigxs,Femenino,Ella,22,Sí,Sí,Amistad,"Me encanta viajar, pintar, leer, escuchar música, ver series/películas, hacer ejercicio, y comer✨",Romance,Rock,No,No,Sí,No,Barbacoa,Sheldon,Ballena,Vanilla,Halloween,Verano,Sí,En la playa,Sí,Escorpio,Sí,Sí,Perros,Libro,Subtitulada,Frio,Rodrigo Herrera,Teletransporte,Alegría,Empátic@,insta67,tel67,twitter67,.,
67,mail68,Name68,mat68,IMT,4,En una relación,Estoy aquí en busca de amigxs,Masculino,Él,20,Sí,Sí,Amistad,"Holaaa, soy Alex, son un chico divertido, buena onda, me gusta hacer amigos y amigas, me considero muy sociable, organizado, respetuoso; soy Dj, me gusta escuchar y mezclar música, jugar videojuegos, ver películas, soy fan de Marvel, me gusta la tecnología, y salir a divertirme con mis amig@s 🤙🏻 ",Acción,"Pop, Instrumental, Cumbia, Electrónica",Sí,Sí,Sí,"Futbol Americano, Natación",Pastor,Ninguno,Tigre,Chocolate,Día de la Independencia,Verano,Sí,"En la playa en un atardecer, en las montañas frente a un lago como picnic y cabaña ",Sí,Acuario,Sí,Sí,Gatos,Libro,Doblada,Calor,Marcus Dantus,Teletransporte,Confianza,Confiable,insta68,tel68,twitter68,.,
68,mail69,Name69,mat69,Prepa ,6,En una relación,Estoy aquí en busca de amigxs,Masculino,Él,17,Sí,Sí,Amistad,Me gustan mucho conocer a las personas y ser su amigo ,Acción,Pop,No,Sí,Sí,Otro,Pastor,Leonard,Pingüino,Vanilla,Día de la Independencia,Primavera,No,"Ir a patinar , película y cena ",Sí,Tauro,Sí,Sí,Perros,Película,Subtitulada,Calor,Carlos Bremer,Volar,Confianza,Divertido,insta69,tel69,twitter69,.,
69,mail70,Name70,mat70,IC,2,Soltero,Estoy aquí en busca de amigxs,Femenino,Ella,18,Sí,No,Amistad,"Soy una persona super positiva, siempre estoy sonriendo, me gusta mucho leer, ir al cine, ayudar a los demás, etc. soy muy participativa. ",Acción,Pop,No,Sí,"Sí, pero no sé bailar","Futbol, Otro",Pastor,Amy,Lobo,Chocolate,Halloween,Invierno,Sí,En un parque de diversiones o un game center,No,Escorpio,Sí,Sí,Perros,Libro,Doblada,Frio,Rodrigo Herrera,Telepatía,Confianza,Alegre,insta70,tel70,twitter70,.,
70,mail71,Name71,mat71,LC,2,Soltero,Estoy aquí en busca de amigxs,Femenino,Ella,19,Sí,Sí,Amistad,"me gusta escribir, ver películas, el teatro, automovilismo, deportes, el arte en general y escuchar música",Drama,"Pop, Rock",No,No,"Sí, pero no sé bailar","Tennis, Otro",Pastor,Raj,Tigre,Nuez,San Valentín,Otoño,No,museo o en casa,Sí,Acuario,No,Sí,Perros,Película,Subtitulada,Frio,Arturo Elías Ayub,Teletransporte,Respeto,Responsable,insta71,tel71,twitter71,.,
71,mail72,Name72,mat72,INCQ,6,En una relación,Estoy aquí en busca de amigxs,Masculino,Él,20,Sí,Sí,Amistad,Según mi mamá doy risa,Suspenso,"Pop, Rock, Metal, Reggaeton, Cumbia, Banda",No,Sí,Sí,"Tennis, Futbol Americano, Natación",Pastor,Ninguno,Pingüino,Cookies and cream,Día de la Independencia,Invierno,No,En el cine,No,Virgo,No,Sí,Perros,Película,Subtitulada,Calor,Arturo Elías Ayub,Teletransporte,Diversión,Divertido,insta72,tel72,twitter72,.,
72,mail73,Name73,mat73,Imt,2,Estoy aquí en busca de amigxs,Estoy aquí en busca de amigxs,Masculino,Él,18,Sí,Sí,Amistad,"Soy alguien cariñoso, divertido(payaso), juego voley y ajedrez",Terror,"Pop, Cumbia, Electrónica, Banda",Sí,Sí,"Sí, pero no sé bailar",Otro,Carne asada,Howard,Lobo,Vanilla,Halloween,Invierno,No,En una cafetería en la mañana o en un parque ,Sí,Piscis,Sí,No,Perros,Película,Subtitulada,Frio,Arturo Elías Ayub,Dinero como el batman,Confianza,Cariños@,insta73,tel73,twitter73,.,
73,mail74,Name74,mat74,IM,2,Soltero,Estoy aquí en busca de amigxs,Femenino,Ella,18,Sí,Sí,Amistad,Tengo 18 años me gusta escuchar música ,Romance,"Pop, Reggaeton",No,No,Sí,"Futbol, Futbol Americano",Barbacoa,Amy,Lobo,Chocolate,Halloween,Otoño,No,En un lugar tranquilo,Sí,Géminis,Sí,Sí,Perros,Libro,Subtitulada,Frio,Carlos Bremer,Volar,Confianza,Empátic@,insta74,tel74,twitter74,.,
74,mail75,Name75,mat75,MC,6,En una relación,Estoy aquí en busca de amigxs,Femenino,Ella,20,Sí,Sí,Amistad,"Soy de Tijuana. Me gusta pintar, hacer hiking y viajar. Fan de ir a cafecitos nuevos.",Terror,"Pop, Rock, Reggaeton",No,No,Sí,No,Barbacoa,Ninguno,Tigre,Chocolate,Año nuevo,Otoño,No,Museo,No,Piscis,Sí,Sí,Gatos,Libro,Subtitulada,Frio,Patricia Armendáriz,Telekinesis,Perseverancia,Perseverante,insta75,tel75,twitter75,.,
75,mail76,Name76,mat76,ARQ,3,Estoy aquí en busca de amigxs,Estoy aquí en busca de amigxs,Femenino,Ella,19,Sí,No,Amistad,"Quiero hacer amigos, me gusta la fiesta cuando se podía, me gusta lo asiático, viajar, leer. ",Drama,Kpop,Sí,No,"Sí, pero no sé bailar",No,Canasta-/Al vapor,Ninguno,Lobo,Vanilla,Navidad,Invierno,Sí,"En dónde sea, mientras sea divertido y especial. ",Sí,Sagitario,Sí,Sí,Gatos,Libro,Subtitulada,Frio,Arturo Elías Ayub,Dinero como el batman,Respeto,Fiel,insta76,tel76,twitter76,.,
76,mail77,Name77,mat77,LAD,3,Estoy aquí en busca de amigxs,Estoy aquí en busca de amigxs,Masculino,Él,20,Sí,Sí,Amistad,"Me gusta dibujar, ver series, anime a veces. Soy mucho de hacer cosas manuales o de pintar. Me interesa mucho lo relacionado a cuidado personal ( mascarillas, ejercicio tipo calistenia, cuidado del cabello, etc)",Acción,"Pop, Instrumental, Rock, Electrónica",Sí,Sí,"Sí, pero no sé bailar",Otro,Pastor,Leonard,Pingüino,Caramelo,Spring Break,Primavera,Sí,"Cita nosep pero me gusta la naturaleza, tipo fundidora o Chipinque, también el cine y de vez en cuando bar o antro",No,Cáncer,Sí,Sí,Gatos,Película,Subtitulada,Calor,Marcus Dantus,Telekinesis,Empatía,Cariños@,insta77,tel77,twitter77,.,
77,mail78,Name78,mat78,IMD,4,Estoy aquí en busca de amigxs,Estoy aquí en busca de amigxs,Femenino,Ella,20,Sí,No,Amistad,soy vero y me gusta el pan,Drama,Pop,Sí,No,Sí,No,Pastor,Ninguno,Pingüino,Chocolate,Spring Break,Otoño,Sí,En un cafe,No,Libra,No,Sí,Perros,Película,Subtitulada,Frio,Carlos Bremer,Manipular el tiempo,Empatía,Empátic@,insta78,tel78,twitter78,.,
78,mail79,Name79,mat79,IBT,4,Soltero,Estoy aquí en busca de amigxs,Femenino,Ella,19,Sí,No,Amistad,,Suspenso,Pop,No,Sí,"Sí, pero no sé bailar",No,Pastor,Penny,Lobo,Chocomenta,Spring Break,Invierno,No,En el cine,Sí,Géminis,Sí,Sí,Perros,Libro,Subtitulada,Frio,Patricia Armendáriz,Control Mental y manipulación,Diversión,Alegre,insta79,tel79,twitter79,.,
79,mail80,Name80,mat80,IID,10,En una relación,Estoy aquí en busca de amigxs,Femenino,Ella,22,Sí,Sí,Amistad,Mi nombre es Myriam soy una persona friendly super curiosa divertida amable émpatica con muchas cualidades. Me encanta bailar y tambien me gustan los deportes como tenis y yoga me encantan los temas de espiritualidad. AMO la idea de viajar conocer lugares nuevos incluido Australia y New Zeland!! También soy fan de los lugares al aire libre. ,Comedia,"Pop, Rock, Reggaeton, Cumbia",No,No,Sí,Tennis,Pastor,Ninguno,Pato,Chocolate,San Valentín,Verano,No,-,Sí,Leo,Sí,Sí,Perros,Película,Subtitulada,Calor,Carlos Bremer,Volar,Diversión,Empátic@,insta80,tel80,twitter80,.,
80,mail81,Name81,mat81,LPS,8,Estoy aquí en busca de amigxs,Estoy aquí en busca de amigxs,Femenino,Ella,21,Sí,Sí,Amistad,,Terror,"Pop, Reggaeton",Sí,No,Sí,No,Guisos,Penny,Tigre,Chocolate,San Valentín,Primavera,Sí,En un café ,Sí,Aries,Sí,Sí,Perros,Película,Subtitulada,Frio,Patricia Armendáriz,Volar,Alegría,Empátic@,insta81,tel81,twitter81,.,
81,mail82,Name82,mat82,LPS,8,Estoy aquí en busca de amigxs,Estoy aquí en busca de amigxs,Femenino,Ella,22,Sí,No,Amistad,,Suspenso,"Pop, Reggaeton",Sí,No,Sí,No,Pescado,Ninguno,Pingüino,Cookies and cream,Spring Break,Otoño,Sí,Pista de patinaje sobre hielo ,Sí,Leo,Sí,Sí,Perros,Libro,Subtitulada,Frio,Arturo Elías Ayub,Volar,Respeto,Empátic@,insta82,tel82,twitter82,.,
82,mail83,Name83,mat83,LPS,8,Soltero,Estoy aquí en busca de amigxs,Femenino,Ella,21,Sí,Sí,Amistad,,Drama,Pop,No,No,"Sí, pero no sé bailar",No,Pastor,Ninguno,Tigre,Cookies and cream,San Valentín,Primavera,No,"Al aire libre, en la naturaleza ",Sí,Géminis,Sí,Sí,Perros,Libro,Subtitulada,Calor,Carlos Bremer,Manipular el tiempo,Interesante,Confiable,insta83,tel83,twitter83,.,
83,mail84,Name84,mat84,LAET,4,En una relación,Estoy aquí en busca de amigxs,Femenino,Ella,20,Sí,No,Amistad,Soy bien cool ,Comedia,"Pop, Reggaeton",No,No,Sí,"Futbol, Basquetbol, Baseball, Futbol Americano, Ciclismo",Carnitas,Ninguno,Tigre,Vanilla,Día de la Independencia,Invierno,No,Ir a cenar comida italiana ,Sí,Aries,Sí,Sí,Perros,Película,Subtitulada,Frio,Rodrigo Herrera,Manipular el tiempo,Confianza,Confiable,insta84,tel84,twitter84,.,
84,mail85,Name85,mat85,LPS,8,En una relación,Estoy aquí en busca de amigxs,Femenino,Ella,22,Sí,Sí,Amistad,,Romance,"Pop, Rock, Electrónica",Sí,No,"Sí, pero no sé bailar",No,Pescado,Ninguno,Ballena,Nuez,Año nuevo,Verano,Sí,"Me gustaría más que fuera en muchos lugares, me gustan las vueltas",No,Tauro,Sí,Sí,Perros,Película,Subtitulada,Calor,Patricia Armendáriz,Manipular el tiempo,Empatía,Alegre,insta85,tel85,twitter85,.,
85,mail86,Name86,mat86,LAET,4,Estoy aquí en busca de amigxs,Estoy aquí en busca de amigxs,Femenino,Ella,20,Sí,No,Amistad,,Comedia,"Pop, Reggaeton",No,Sí,"Sí, pero no sé bailar",No,Carnitas,Penny,Tigre,Caramelo,Día de la Independencia,Otoño,No,Picnic,No,Libra,Sí,Sí,Perros,Libro,Subtitulada,Frio,Carlos Bremer,Manipular el tiempo,Confianza,Alegre,insta86,tel86,twitter86,.,
86,mail87,Name87,mat87,LAET,4,Estoy aquí en busca de amigxs,Estoy aquí en busca de amigxs,Masculino,Él,21,No,Sí,Amistad,,Comedia,"Reggaeton, Banda",No,Sí,No,Futbol,Pastor,Leonard,Tiburón,Cookies and cream,San Valentín,Verano,No,Restaurante,No,Piscis,No,Sí,Perros,Película,Subtitulada,Frio,Arturo Elías Ayub,Telekinesis,Confianza,Divertido,insta87,tel87,twitter87,.,
87,mail88,Name88,mat88,LAF ,8,En una relación,Estoy aquí en busca de amigxs,Masculino,Él,21,Sí,Sí,Algo Casual,"Soy divertido, ingenioso y amable. ",Comedia,Rock,Sí,Sí,"Sí, pero no sé bailar",Otro,Barbacoa,Raj,Pingüino,Cookies and cream,Spring Break,Verano,Sí,Sería en cualquier lugar mientras la pasemos bien  ,Sí,Cáncer,Sí,Sí,Perros,Película,Subtitulada,Calor,Arturo Elías Ayub,Teletransporte,Diversión,Respetuoso,insta88,tel88,twitter88,.,
88,mail89,Name89,mat89,LRI,8,Estoy aquí en busca de amigxs,Estoy aquí en busca de amigxs,Femenino,Ella,20,Sí,No,Amistad,"Me gusta hablar, salir a fiestas, planeas tranqui, planes improvisados y conocer gente. 
Me gusta mucho probar comidas diferentes o postres y me gusta mucho salir a cualquier lugar. 
Nunca rechazo algún plan, me gusta mucho pasar tiempo con las personas. ",Comedia,Pop,No,No,"Sí, pero no sé bailar",No,Pastor,Ninguno,Pingüino,Chocomenta,Spring Break,Verano,No,Cualquier lugar ,Sí,Leo,Sí,Sí,Perros,Libro,Subtitulada,Calor,Rodrigo Herrera,Manipular el tiempo,Diversión,Confiable,insta89,tel89,twitter89,.,
89,mail90,Name90,mat90,iid,4,Estoy aquí en busca de amigxs,Estoy aquí en busca de amigxs,Femenino,Ella,23,Sí,Sí,Amistad,soy foránea y hago pedas caseras pero también te ayudo con algo de la escuela si lo necesitas 🥰,Drama,"Pop, Instrumental, Metal, Reggaeton, Cumbia, Electrónica, Banda",No,No,Sí,"Futbol, Basquetbol, Tennis, Futbol Americano, Ciclismo",Carne asada,Sheldon,Tigre,Chocolate,Spring Break,Otoño,No,donde sea mientras me la pase riendo ,No,Sagitario,Sí,Sí,Gatos,Libro,Subtitulada,Calor,Patricia Armendáriz,Manipular el tiempo,Interesante,Inteligente,insta90,tel90,twitter90,.,
90,mail91,Name91,mat91,INCQ,6,Estoy aquí en busca de amigxs,Estoy aquí en busca de amigxs,Femenino,Ella,21,Sí,No,Amistad,"Apasionada por la ciencia, muy alegre, amo a mi perrita y escucho música todo el tiempo. ",Comedia,"Pop, Rock, Reggaeton, Cumbia",No,No,Sí,No,Guisos,Amy,Pingüino,Nuez,San Valentín,Primavera,Sí,Ir a comer a camarones,No,Cáncer,Sí,Sí,Perros,Película,Subtitulada,Frio,Carlos Bremer,Telekinesis,Confianza,Empátic@,insta91,tel91,twitter91,.,
91,mail92,Name92,mat92,IFI,7,En una relación,Estoy aquí en busca de amigxs,Masculino,Él,22,Sí,Sí,Amistad,"Estudio IFI, me gusta conocer gente y me agrada cualquier tipo de persona que no sea prejuiciosa, sangrona o así. :-) Practico (practicaba) volley y basket, me gustan los videojuegos y juegos de mesa, el anime, programar, leer, aprender idiomas. Trabajo de freelancer, más que nada de traductor, aunque también enseño español y escribo guiones para contenidos educativos. Al graduarme quiero seguir con un posgrado en astrofísica.",Suspenso,Rock,Sí,Sí,"Sí, pero no sé bailar","Basquetbol, Otro",Pastor,Leonard,Lobo,Cookies and cream,Día de la Independencia,Otoño,No,"En algo que nos guste a los involucrados, de preferencia bueno, bonito y barato. Me da un poquito de hueva lo ""fancy"".",No,Libra,Sí,Sí,Perros,Libro,Subtitulada,Frio,Carlos Bremer,Control Mental y manipulación,Confianza,Cariños@,insta92,tel92,twitter92,.,
92,mail93,Name93,mat93,INT,9,En una relación,Estoy aquí en busca de amigxs,Masculino,Él,22,Sí,Sí,Amistad,Gamer y deportista,Comedia,"Pop, Reggaeton, Cumbia",Sí,Sí,Sí,Otro,Barbacoa,Howard,Lobo,Cookies and cream,Día de muertos,Invierno,Sí,En una feria o parque de diversiones,No,Piscis,Sí,Sí,Perros,Película,Subtitulada,Frio,Carlos Bremer,Teletransporte,Cariño,Cariños@,insta93,tel93,twitter93,.,
93,mail94,Name94,mat94,IFI,2,En una relación,Estoy aquí en busca de amigxs,Femenino,Ella,18,Sí,No,Amistad,"Me gusta la ciencia y astronomía, tocó la guitarra, violín, un poco de teclado y canto, me gusta correr carreras/maratones, creo en Dios mas no me gusta la religión, adoro modelar maquillaje, me gusta tomar fotos y me gustan las actividades extremas",Acción,"Pop, Instrumental, Rock, Reggaeton, Electrónica",No,No,Sí,No,Pastor,Ninguno,Tigre,Cookies and cream,Día de la Independencia,Otoño,No,Viendo las auroras boreales ,No,Virgo,No,Sí,Perros,Libro,Subtitulada,Frio,Carlos Bremer,Manipular el tiempo,Fidelidad,Fiel,insta94,tel94,twitter94,.,
94,mail95,Name95,mat95,LDI,6,Estoy aquí en busca de amigxs,Estoy aquí en busca de amigxs,Femenino,Ella,21,Sí,Sí,Amistad,"me gusta mucho platicar, salir con amigos y escuchar música ",Terror,"Pop, Reggaeton",No,Sí,Sí,Natación,Carne asada,Leonard,Lobo,Cookies and cream,Navidad,Invierno,No,un lugar al aire libre ,Sí,Capricornio,Sí,Sí,Perros,Película,Subtitulada,Frio,Arturo Elías Ayub,Teletransporte,Respeto,Responsable,insta95,tel95,twitter95,.,
95,mail96,Name96,mat96,BGB,2,Estoy aquí en busca de amigxs,Estoy aquí en busca de amigxs,Femenino,Ella,19,Sí,No,Amistad,"Soy extrovertida, amo conocer gente, me gusta bailar y cocinar, me gusta estar en todo y soy teclover 😅",Comedia,"Pop, Reggaeton, Cumbia",No,No,Sí,No,Pastor,Ninguno,Pingüino,Caramelo,San Valentín,Verano,Sí,"No clue, pero una primera cita estaría bien salir a cenar a algún restaurante de comida italiana",No,Acuario,Sí,Sí,Perros,Película,Subtitulada,Calor,Patricia Armendáriz,Manipular el tiempo,Diversión,Empátic@,insta96,tel96,twitter96,.,
96,mail97,Name97,mat97,ARQ,4,Estoy aquí en busca de amigxs,Estoy aquí en busca de amigxs,Femenino,Ella,20,Sí,Sí,Amistad,,Romance,"Pop, Reggaeton, Banda",Sí,Sí,Sí,Futbol,Carne asada,Ninguno,Tigre,Pistache,Día de la Independencia,Verano,No,vengo x amigos lmao,No,Libra,Sí,Sí,Gatos,Película,Subtitulada,Calor,Rodrigo Herrera,Manipular el tiempo,Confianza,Confiable,insta97,tel97,twitter97,.,
97,mail98,Name98,mat98,IFI,4,Estoy aquí en busca de amigxs,Estoy aquí en busca de amigxs,Femenino,Ella,19,Sí,No,Amistad,"Soy muy curiosa, me encanta cocinar, la música, el arte y conocer nuevos lugares :) Amo los conciertos/festivales y el bosque",Drama,"Pop, Rock",No,Sí,"Sí, pero no sé bailar",Tennis,Carne asada,Ninguno,Pingüino,Chocolate,San Valentín,Otoño,No,ir a un pueblito mágico,No,Escorpio,Sí,Sí,Gatos,Libro,Subtitulada,Frio,Patricia Armendáriz,Teletransporte,Confianza,Confiable,insta98,tel98,twitter98,.,
